/index.php?%2Fu-sathorn-bangkok,/venue/u-sathorn-bangkok
/index.php?%2Fsiam-mandarina-hotel,/venue/siam-mandarina-hotel
/index.php?%2Fchatrium-grand-bangkok,/venue/chatrium-grand-bangkok
/index.php?%2Fsheraton-grande-sukhumvit,/venue/sheraton-grande-sukhumvit
/index.php?%2Frenaissance-bangkok-ratchaprasong-hotel,/venue/renaissance-bangkok-ratchaprasong-hotel
/index.php?%2Faway-bkk-riverside-kene,/venue/away-bkk-riverside-kene
/index.php?%2Fswissotelbangkokratchada,/venue/swissotelbangkokratchada
/index.php?%2Fthe-sukhothai-bangkok,/venue/the-sukhothai-bangkok
/index.php?%2Foriental-residence-bkk,/venue/oriental-residence-bkk
/index.php?%2Fthe-upper-ground,/venue/the-upper-ground
/index.php?%2Fthesalilhotelsriverside,/venue/thesalilhotelsriverside
/index.php?%2Fle-meridien-suvarnabhumi,/venue/le-meridien-suvarnabhumi
/index.php?%2Fcentara-grand-at-central-plaza-ladprao-bangkok,/venue/centara-grand-at-central-plaza-ladprao-bangkok
/index.php?%2Frattanapiman,/venue/rattanapiman
/index.php?%2Fnovotel-bangkok-bangna,/venue/novotel-bangkok-bangna
/index.php?%2Fjwmarriotthotelbangkok,/venue/jwmarriotthotelbangkok
/index.php?%2Fcdccrystalgrandballroom,/venue/cdccrystalgrandballroom
/index.php?%2Fasawin-grand-convention-hotel,/venue/asawin-grand-convention-hotel
/index.php?%2Fruennoppagao,/venue/ruennoppagao
/index.php?%2Fholidayinnbangkoksilom,/venue/holidayinnbangkoksilom
/index.php?%2Fsummit-windmill-golf-residence,/venue/summit-windmill-golf-residence
/index.php?%2Feastin-grand-hotel-phayathai-bangkok,/venue/eastin-grand-hotel-phayathai-bangkok
/index.php?%2Fthehouseonsathorn,/venue/thehouseonsathorn
/index.php?%2Fbluetel_residence,/venue/bluetel_residence
/index.php?%2Fanantara-riverside-bkk-resort,/venue/anantara-riverside-bkk-resort
/index.php?%2Framadaplazabangkokmenamriverside,/venue/ramadaplazabangkokmenamriverside
/index.php?%2Fmuseumwedding,/venue/museumwedding
/index.php?%2Fthebanquethall-at-nathong,/venue/thebanquethall-at-nathong
/index.php?%2Fmontien-riverside-hotel,/venue/montien-riverside-hotel
/index.php?%2Fle-viva-boutique-colonial-house,/venue/le-viva-boutique-colonial-house
/index.php?%2Fbangna-pride-hotel,/venue/bangna-pride-hotel
/index.php?%2Fconrad-bangkok,/venue/conrad-bangkok
/index.php?%2Favani-riverside-bkk-hotel,/venue/avani-riverside-bkk-hotel
/index.php?%2Famarabangkok,/venue/amarabangkok
/index.php?%2Fthewestingrande_sukhumvit_bangkok,/venue/thewestingrande_sukhumvit_bangkok
/index.php?%2Fthe-peninsula-bangkok,/venue/the-peninsula-bangkok
/index.php?%2Fruenjoawsao,/venue/ruenjoawsao
/index.php?%2Fmandarinhotelbangkok,/venue/mandarinhotelbangkok
/index.php?%2Fcenturyparkhotelbangkok,/venue/centuryparkhotelbangkok
/index.php?%2Fmillennium-hilton,/venue/millennium-hilton
/index.php?%2Froyalsheraton,/venue/royalsheraton
/index.php?%2Fjasmine-city-hotel,/venue/jasmine-city-hotel
/index.php?%2Fkimptonmaa-laibangkok,/venue/kimptonmaa-laibangkok
/index.php?%2Favana-bangkok-hotel,/venue/avana-bangkok-hotel
/index.php?%2Fsiamdasada-khaoyai-resort,/venue/siamdasada-khaoyai-resort
/index.php?%2Fso-sofitel-bangkok,/venue/so-sofitel-bangkok
/index.php?%2Fgaysorn-urban,/venue/gaysorn-urban
/index.php?%2Fscparkhotel,/venue/scparkhotel
/index.php?%2Fshanghai-bkk,/venue/shanghai-bkk
/index.php?%2Fmarriottexecutiveapartmentssukhumvitpark,/venue/marriottexecutiveapartmentssukhumvitpark
/index.php?%2Fradisson-blu,/venue/radisson-blu
/index.php?%2Fle-meridien-bangkok,/venue/le-meridien-bangkok
/index.php?%2Falexanderhotel,/venue/alexanderhotel
/index.php?%2Fvaravela-garden-hall,/venue/varavela-garden-hall
/index.php?%2Fbangkok-marriott-hotel-sukhumvit,/venue/bangkok-marriott-hotel-sukhumvit
/index.php?%2Famari-dmk,/venue/amari-dmk
/index.php?%2Flovestoryphetkasem81,/venue/lovestoryphetkasem81
/index.php?%2Feastin-grand-hotel-sathorn,/venue/eastin-grand-hotel-sathorn
/index.php?%2Fbest-western-plus-wanda-grand-hotel,/venue/best-western-plus-wanda-grand-hotel
/index.php?%2Famari-watergate-bangkok,/venue/amari-watergate-bangkok
/index.php?%2Fholiday-inn-bangkok-sukhumvit,/venue/holiday-inn-bangkok-sukhumvit
/index.php?%2Fbellabhotel,/venue/bellabhotel
/index.php?%2Fpullmanbangkokkingpower,/venue/pullmanbangkokkingpower
/index.php?%2Fcapella-bangkok,/venue/capella-bangkok
/index.php?%2Fthegardenatsurawongse,/venue/thegardenatsurawongse
/index.php?%2Fw-bangkok,/venue/w-bangkok
/index.php?%2Fthegrandfourwingsconventionhotelbangkokatsrinakarin,/venue/thegrandfourwingsconventionhotelbangkokatsrinakarin
/index.php?%2Fibis-styles-bangkok-ratchada,/venue/ibis-styles-bangkok-ratchada
/index.php?%2Fvaladecia,/venue/valadecia
/index.php?%2Favani-sukhumvit-bangkok,/venue/avani-sukhumvit-bangkok
/index.php?%2Ftheokuraprestigebangkok,/venue/theokuraprestigebangkok
/index.php?%2Fvibhavadi-palace,/venue/vibhavadi-palace
/index.php?%2Fhilton-sukhumvit-bangkok,/venue/hilton-sukhumvit-bangkok
/index.php?%2Fblistonsuwanparkviewhotel,/venue/blistonsuwanparkviewhotel
/index.php?%2Fprincepalace,/venue/princepalace
/index.php?%2Fmandarin-oriental-bangkok,/venue/mandarin-oriental-bangkok
/index.php?%2Ftheberkeleyhotelpratunambangkok,/venue/theberkeleyhotelpratunambangkok
/index.php?%2Fwedding-at-impact,/venue/wedding-at-impact
/index.php?%2Fs31-sukhumvit-hotel,/venue/s31-sukhumvit-hotel
/index.php?%2Fcrowneplazabangkoklumpinipark,/venue/crowneplazabangkoklumpinipark
/index.php?%2Fpullman-bangkok-hotel-g,/venue/pullman-bangkok-hotel-g
/index.php?%2Fhoteloncebangkok,/venue/hoteloncebangkok
/index.php?%2Frichmond-hotel,/venue/richmond-hotel
/index.php?%2Fmarriott-surawongse,/venue/marriott-surawongse
/index.php?%2Fsofitel-bkk-sukhumvit,/venue/sofitel-bkk-sukhumvit
/index.php?%2Ftkpalace,/venue/tkpalace
/index.php?%2Fmontienhotelsurawongbangkok,/venue/montienhotelsurawongbangkok