/u-sathorn-bangkok,/venue/u-sathorn-bangkok
/siam-mandarina-hotel,/venue/siam-mandarina-hotel
/chatrium-grand-bangkok,/venue/chatrium-grand-bangkok
/sheraton-grande-sukhumvit,/venue/sheraton-grande-sukhumvit
/renaissance-bangkok-ratchaprasong-hotel,/venue/renaissance-bangkok-ratchaprasong-hotel
/away-bkk-riverside-kene,/venue/away-bkk-riverside-kene
/swissotelbangkokratchada,/venue/swissotelbangkokratchada
/the-sukhothai-bangkok,/venue/the-sukhothai-bangkok
/oriental-residence-bkk,/venue/oriental-residence-bkk
/the-upper-ground,/venue/the-upper-ground
/thesalilhotelsriverside,/venue/thesalilhotelsriverside
/le-meridien-suvarnabhumi,/venue/le-meridien-suvarnabhumi
/centara-grand-at-central-plaza-ladprao-bangkok,/venue/centara-grand-at-central-plaza-ladprao-bangkok
/rattanapiman,/venue/rattanapiman
/novotel-bangkok-bangna,/venue/novotel-bangkok-bangna
/jwmarriotthotelbangkok,/venue/jwmarriotthotelbangkok
/cdccrystalgrandballroom,/venue/cdccrystalgrandballroom
/asawin-grand-convention-hotel,/venue/asawin-grand-convention-hotel
/ruennoppagao,/venue/ruennoppagao
/holidayinnbangkoksilom,/venue/holidayinnbangkoksilom
/summit-windmill-golf-residence,/venue/summit-windmill-golf-residence
/eastin-grand-hotel-phayathai-bangkok,/venue/eastin-grand-hotel-phayathai-bangkok
/thehouseonsathorn,/venue/thehouseonsathorn
/bluetel_residence,/venue/bluetel_residence
/anantara-riverside-bkk-resort,/venue/anantara-riverside-bkk-resort
/ramadaplazabangkokmenamriverside,/venue/ramadaplazabangkokmenamriverside
/museumwedding,/venue/museumwedding
/thebanquethall-at-nathong,/venue/thebanquethall-at-nathong
/montien-riverside-hotel,/venue/montien-riverside-hotel
/le-viva-boutique-colonial-house,/venue/le-viva-boutique-colonial-house
/bangna-pride-hotel,/venue/bangna-pride-hotel
/conrad-bangkok,/venue/conrad-bangkok
/avani-riverside-bkk-hotel,/venue/avani-riverside-bkk-hotel
/amarabangkok,/venue/amarabangkok
/thewestingrande_sukhumvit_bangkok,/venue/thewestingrande_sukhumvit_bangkok
/the-peninsula-bangkok,/venue/the-peninsula-bangkok
/ruenjoawsao,/venue/ruenjoawsao
/mandarinhotelbangkok,/venue/mandarinhotelbangkok
/centuryparkhotelbangkok,/venue/centuryparkhotelbangkok
/millennium-hilton,/venue/millennium-hilton
/royalsheraton,/venue/royalsheraton
/jasmine-city-hotel,/venue/jasmine-city-hotel
/kimptonmaa-laibangkok,/venue/kimptonmaa-laibangkok
/avana-bangkok-hotel,/venue/avana-bangkok-hotel
/siamdasada-khaoyai-resort,/venue/siamdasada-khaoyai-resort
/so-sofitel-bangkok,/venue/so-sofitel-bangkok
/gaysorn-urban,/venue/gaysorn-urban
/scparkhotel,/venue/scparkhotel
/shanghai-bkk,/venue/shanghai-bkk
/marriottexecutiveapartmentssukhumvitpark,/venue/marriottexecutiveapartmentssukhumvitpark
/radisson-blu,/venue/radisson-blu
/le-meridien-bangkok,/venue/le-meridien-bangkok
/alexanderhotel,/venue/alexanderhotel
/varavela-garden-hall,/venue/varavela-garden-hall
/bangkok-marriott-hotel-sukhumvit,/venue/bangkok-marriott-hotel-sukhumvit
/amari-dmk,/venue/amari-dmk
/lovestoryphetkasem81,/venue/lovestoryphetkasem81
/eastin-grand-hotel-sathorn,/venue/eastin-grand-hotel-sathorn
/best-western-plus-wanda-grand-hotel,/venue/best-western-plus-wanda-grand-hotel
/amari-watergate-bangkok,/venue/amari-watergate-bangkok
/holiday-inn-bangkok-sukhumvit,/venue/holiday-inn-bangkok-sukhumvit
/bellabhotel,/venue/bellabhotel
/pullmanbangkokkingpower,/venue/pullmanbangkokkingpower
/capella-bangkok,/venue/capella-bangkok
/thegardenatsurawongse,/venue/thegardenatsurawongse
/w-bangkok,/venue/w-bangkok
/thegrandfourwingsconventionhotelbangkokatsrinakarin,/venue/thegrandfourwingsconventionhotelbangkokatsrinakarin
/ibis-styles-bangkok-ratchada,/venue/ibis-styles-bangkok-ratchada
/valadecia,/venue/valadecia
/avani-sukhumvit-bangkok,/venue/avani-sukhumvit-bangkok
/theokuraprestigebangkok,/venue/theokuraprestigebangkok
/vibhavadi-palace,/venue/vibhavadi-palace
/hilton-sukhumvit-bangkok,/venue/hilton-sukhumvit-bangkok
/blistonsuwanparkviewhotel,/venue/blistonsuwanparkviewhotel
/princepalace,/venue/princepalace
/mandarin-oriental-bangkok,/venue/mandarin-oriental-bangkok
/theberkeleyhotelpratunambangkok,/venue/theberkeleyhotelpratunambangkok
/wedding-at-impact,/venue/wedding-at-impact
/s31-sukhumvit-hotel,/venue/s31-sukhumvit-hotel
/crowneplazabangkoklumpinipark,/venue/crowneplazabangkoklumpinipark
/pullman-bangkok-hotel-g,/venue/pullman-bangkok-hotel-g
/hoteloncebangkok,/venue/hoteloncebangkok
/richmond-hotel,/venue/richmond-hotel
/marriott-surawongse,/venue/marriott-surawongse
/sofitel-bkk-sukhumvit,/venue/sofitel-bkk-sukhumvit
/tkpalace,/venue/tkpalace
/montienhotelsurawongbangkok,/venue/montienhotelsurawongbangkok